Voltage Gain (V),Pulse Voltage (V),Peak Number,Peak Index,Peak Counts,Index Difference
65.8,1.3,1,27,13267.116367951303,N/A
65.8,1.3,2,64,6846.151729318109,37
65.8,1.3,3,157,731.1784606820133,93
65.8,1.3,4,195,235.4914212845881,38
65.8,1.3,5,214,158.46456863095906,19
