Voltage Gain (V),Pulse Voltage (V),Peak Number,Peak Index,Peak Counts,Index Difference
65.4,1.3,1,38,21872.46626837543,N/A
65.4,1.3,2,70,8704.316800189565,32
65.4,1.3,3,107,2261.4473790565394,37
65.4,1.3,4,177,106.75535721372974,70
