Voltage Gain (V),Pulse Voltage (V),Peak Number,Peak Index,Peak Counts,Index Difference
65.6,1.3,1,35,17763.895913454213,N/A
65.6,1.3,2,70,8006.61373060106,35
65.6,1.3,3,104,2509.9483559348496,34
65.6,1.3,4,182,159.99168856468737,78
65.6,1.3,5,199,100.08185249019306,17
