Voltage Gain (V),Pulse Voltage (V),Peak Number,Peak Index,Peak Counts,Index Difference
65.7,1.3,1,42,23552.42093658569,N/A
65.7,1.3,2,72,9475.900352874258,30
65.7,1.3,3,102,2458.4481600394447,30
