Voltage Gain (V),Pulse Voltage (V),Peak Number,Peak Index,Peak Counts,Index Difference
65.1,1.3,1,55,42916.13463782646,N/A
65.1,1.3,2,71,25363.935881013927,16
65.1,1.3,3,87,9036.606475382749,16
