Channel,Voltage Gain (V),Pulse Voltage (V),Peak Number,Peak Index,Peak Counts,Index Difference
CH0,65.7,1.3,1,142,4066.1690364009587,N/A
CH0,65.7,1.3,2,176,7924.288923234447,34
CH0,65.7,1.3,3,210,8115.500177248179,34
CH0,65.7,1.3,4,244,5784.602509009719,34
CH0,65.7,1.3,5,279,3290.6100054055432,35
CH0,65.7,1.3,6,312,1589.4797397659775,33
