Voltage Gain (V),Pulse Voltage (V),Peak Number,Peak Index,Peak Counts,Index Difference
65.4,1.6,1,50,1689.084106289252,N/A
65.4,1.6,2,75,5081.77205311522,25
65.4,1.6,3,100,8205.36807278944,25
65.4,1.6,4,125,9072.091642086145,25
65.4,1.6,5,151,7802.173444128705,26
65.4,1.6,6,176,5560.38382122157,25
65.4,1.6,7,198,3382.072329802954,22
65.4,1.6,8,221,1815.9048212974712,23
65.4,1.6,9,250,852.9053583310821,29
65.4,1.6,10,268,461.4363361265858,18
65.4,1.6,11,306,127.70194588615394,38
