Channel,Voltage Gain (V),Pulse Voltage (V),Peak Number,Peak Index,Peak Counts,Index Difference
CH0,65.6,1.6,1,145,349.6912605167005,N/A
CH0,65.6,1.6,2,177,1512.0978954001048,32
CH0,65.6,1.6,3,208,3283.891427955975,31
CH0,65.6,1.6,4,239,4941.58649134117,31
CH0,65.6,1.6,5,271,5659.267253873356,32
CH0,65.6,1.6,6,303,5329.355044153517,32
CH0,65.6,1.6,7,334,4301.1280404795825,31
CH0,65.6,1.6,8,365,3032.2746584895735,31
CH0,65.6,1.6,9,397,1901.6817141755507,32
