Channel,Voltage Gain (V),Pulse Voltage (V),Peak Number,Peak Index,Peak Counts,Index Difference
CH1,66.0,1.3,1,123,1286.7506824604404,N/A
CH1,66.0,1.3,2,171,2861.8254267149086,48
CH1,66.0,1.3,3,223,3721.8576869551744,52
CH1,66.0,1.3,4,274,3552.285344895528,51
CH1,66.0,1.3,5,324,2768.866885468751,50
CH1,66.0,1.3,6,372,1892.2695239724,48
