Channel,Voltage Gain (V),Pulse Voltage (V),Peak Number,Peak Index,Peak Counts,Index Difference
CH1,66.0,1.3,1,124,1284.2753349014786,N/A
CH1,66.0,1.3,2,172,2853.4389743338575,48
CH1,66.0,1.3,3,224,3709.4587931028223,52
CH1,66.0,1.3,4,274,3541.380671581916,50
CH1,66.0,1.3,5,324,2761.6738364789767,50
CH1,66.0,1.3,6,372,1888.6394937969303,48
CH1,66.0,1.3,7,427,1160.6198355735494,55
CH1,66.0,1.3,8,483,636.1256299271887,56
CH1,66.0,1.3,9,560,220.80971444610745,77
