Channel,Voltage Gain (V),Pulse Voltage (V),Peak Number,Peak Index,Peak Counts,Index Difference
CH0,66.0,1.3,1,133,1611.2168128465728,N/A
CH0,66.0,1.3,2,175,3890.8614444532545,42
CH0,66.0,1.3,3,219,5055.214449662788,44
CH0,66.0,1.3,4,262,4644.456535783381,43
CH0,66.0,1.3,5,305,3398.263796395563,43
CH0,66.0,1.3,6,348,2110.5701051483525,43
CH0,66.0,1.3,7,390,1155.1778273564096,42
