Channel,Voltage Gain (V),Pulse Voltage (V),Peak Number,Peak Index,Peak Counts,Index Difference
CH0,65.4,1.3,1,149,9741.084308344298,N/A
CH0,65.4,1.3,2,175,13903.165148782904,26
CH0,65.4,1.3,3,202,10469.547777456428,27
CH0,65.4,1.3,4,228,5544.8510885122,26
CH0,65.4,1.3,5,255,2358.9588777848257,27
