Channel,Voltage Gain (V),Pulse Voltage (V),Peak Number,Peak Index,Peak Counts,Index Difference
CH0,65.6,1.3,1,146,6139.199249739267,N/A
CH0,65.6,1.3,2,176,10410.93023933333,30
CH0,65.6,1.3,3,207,9386.663971317477,31
CH0,65.6,1.3,4,238,5897.1777108972865,31
CH0,65.6,1.3,5,267,2932.4953984854706,29
CH0,65.6,1.3,6,297,1228.4025748359284,30
