Channel,Voltage Gain (V),Pulse Voltage (V),Peak Number,Peak Index,Peak Counts,Index Difference
CH1,65.1,1.6,1,146,1217.2064425548456,N/A
CH1,65.1,1.6,2,175,3954.9182995400683,29
CH1,65.1,1.6,3,203,6680.343367455258,28
CH1,65.1,1.6,4,232,7696.933216978776,29
CH1,65.1,1.6,5,260,6889.193315868568,28
CH1,65.1,1.6,6,288,5120.0192527957815,28
CH1,65.1,1.6,7,316,3233.4596508726236,28
CH1,65.1,1.6,8,344,1831.9254311465043,28
