Channel,Voltage Gain (V),Pulse Voltage (V),Peak Number,Peak Index,Peak Counts,Index Difference
CH0,65.1,1.6,1,156,9339.658214847721,N/A
CH0,65.1,1.6,2,173,16219.320039843322,17
CH0,65.1,1.6,3,189,15051.364137177727,16
