Voltage Gain (V),Pulse Voltage (V),Peak Number,Peak Index,Peak Counts,Index Difference
65.7,1.3,1,42,4258.651010595301,N/A
65.7,1.3,2,76,8248.5845276438,34
65.7,1.3,3,110,8411.715896450563,34
65.7,1.3,4,144,5932.858727796001,34
65.7,1.3,5,179,3369.222742225767,35
65.7,1.3,6,213,1633.8319475409276,34
65.7,1.3,7,246,680.4055119047941,33
65.7,1.3,8,277,274.4575226114141,31
65.7,1.3,9,302,125.03093670538856,25
