Channel,Voltage Gain (V),Pulse Voltage (V),Peak Number,Peak Index,Peak Counts,Index Difference
CH1,65.8,1.3,1,130,1906.6276326986574,N/A
CH1,65.8,1.3,2,174,4086.9811739540937,44
CH1,65.8,1.3,3,219,4866.9074595449865,45
CH1,65.8,1.3,4,265,4214.096711581975,46
CH1,65.8,1.3,5,310,2975.1516495490137,45
CH1,65.8,1.3,6,354,1821.1812947884264,44
CH1,65.8,1.3,7,407,965.864291393117,53
CH1,65.8,1.3,8,450,493.18570590324174,43
CH1,65.8,1.3,9,502,218.89788439532686,52
