Channel,Voltage Gain (V),Pulse Voltage (V),Peak Number,Peak Index,Peak Counts,Index Difference
CH1,65.8,1.3,1,129,1915.8332866776145,N/A
CH1,65.8,1.3,2,174,4108.2092936983,45
CH1,65.8,1.3,3,219,4894.505495601915,45
CH1,65.8,1.3,4,265,4228.254872285127,46
CH1,65.8,1.3,5,311,2985.731438559377,46
CH1,65.8,1.3,6,354,1825.7905059629597,43
CH1,65.8,1.3,7,491,239.83795324428647,137
