Channel,Voltage Gain (V),Pulse Voltage (V),Peak Number,Peak Index,Peak Counts,Index Difference
CH1,65.7,1.3,1,132,2367.1962768364865,N/A
CH1,65.7,1.3,2,174,4871.741828369441,42
CH1,65.7,1.3,3,217,5513.013664197234,43
CH1,65.7,1.3,4,260,4557.321176409581,43
CH1,65.7,1.3,5,302,3045.28875855925,42
CH1,65.7,1.3,6,344,1731.3457032624897,42
CH1,65.7,1.3,7,389,882.4706629541577,45
CH1,65.7,1.3,8,440,393.2964880092113,51
CH1,65.7,1.3,9,481,169.60851322101803,41
CH1,65.7,1.3,10,523,76.47417764430821,42
