Channel,Voltage Gain (V),Pulse Voltage (V),Peak Number,Peak Index,Peak Counts,Index Difference
CH0,65.4,1.6,1,150,1474.7847726459008,N/A
CH0,65.4,1.6,2,175,4651.711696113749,25
CH0,65.4,1.6,3,200,7648.469335707113,25
CH0,65.4,1.6,4,225,8604.202720591471,25
CH0,65.4,1.6,5,250,7500.830800150417,25
CH0,65.4,1.6,6,275,5353.5148770895485,25
CH0,65.4,1.6,7,298,3289.528906548049,23
