Channel,Voltage Gain (V),Pulse Voltage (V),Peak Number,Peak Index,Peak Counts,Index Difference
CH1,65.6,1.3,1,135,3142.663904164394,N/A
CH1,65.6,1.3,2,175,6029.284951320659,40
CH1,65.6,1.3,3,214,6417.507171492074,39
CH1,65.6,1.3,4,253,4907.596545693531,39
CH1,65.6,1.3,5,294,3025.654757066664,41
CH1,65.6,1.3,6,333,1590.2104076915748,39
