Voltage Gain (V),Pulse Voltage (V),Peak Number,Peak Index,Peak Counts,Index Difference
65.1,1.6,1,55,11684.5084361643,N/A
65.1,1.6,2,72,18253.386651747816,17
65.1,1.6,3,89,16156.946544982979,17
65.1,1.6,4,105,10309.523931842654,16
