Channel,Voltage Gain (V),Pulse Voltage (V),Peak Number,Peak Index,Peak Counts,Index Difference
CH0,65.8,1.3,1,139,2989.6672756935927,N/A
CH0,65.8,1.3,2,176,6266.4070337576295,37
CH0,65.8,1.3,3,213,7047.065290062458,37
CH0,65.8,1.3,4,251,5520.456140169338,38
CH0,65.8,1.3,5,288,3385.285543974083,37
CH0,65.8,1.3,6,325,1805.7910067819273,37
CH0,65.8,1.3,7,360,839.7452658854029,35
