Voltage Gain (V),Pulse Voltage (V),Peak Number,Peak Index,Peak Counts,Index Difference
65.6,1.3,1,45,6643.561128357946,N/A
65.6,1.3,2,77,10981.362472498675,32
65.6,1.3,3,107,9772.091443743286,30
65.6,1.3,4,138,6115.097981598511,31
65.6,1.3,5,167,3014.977301206796,29
65.6,1.3,6,200,1257.5328941441603,33
65.6,1.3,7,229,473.79956516313683,29
65.6,1.3,8,254,170.71218678517243,25
