Channel,Voltage Gain (V),Pulse Voltage (V),Peak Number,Peak Index,Peak Counts,Index Difference
CH0,65.7,1.3,1,142,4001.3500747096355,N/A
CH0,65.7,1.3,2,176,7815.338601533217,34
CH0,65.7,1.3,3,210,8015.141661684717,34
CH0,65.7,1.3,4,244,5731.619414434684,34
CH0,65.7,1.3,5,278,3266.999304882176,34
CH0,65.7,1.3,6,312,1580.1702151116044,34
CH0,65.7,1.3,7,351,619.6927112185725,39
CH0,65.7,1.3,8,388,221.4557881667673,37
