Channel,Voltage Gain (V),Pulse Voltage (V),Peak Number,Peak Index,Peak Counts,Index Difference
CH0,65.8,1.3,1,139,2955.0688050283993,N/A
CH0,65.8,1.3,2,176,6201.927902312422,37
CH0,65.8,1.3,3,213,6980.671597886695,37
CH0,65.8,1.3,4,251,5472.3549711208925,38
CH0,65.8,1.3,5,288,3366.107859965001,37
CH0,65.8,1.3,6,324,1796.0099185996862,36
