Voltage Gain (V),Pulse Voltage (V),Peak Number,Peak Index,Peak Counts,Index Difference
66.0,1.3,1,33,1667.4669098806062,N/A
66.0,1.3,2,74,4001.587280614897,41
66.0,1.3,3,119,5184.063427606845,45
66.0,1.3,4,162,4722.290554077383,43
66.0,1.3,5,206,3462.9826364758196,44
66.0,1.3,6,246,2156.8403100082264,40
66.0,1.3,7,288,1176.5102608336902,42
66.0,1.3,8,329,591.4948431970261,41
66.0,1.3,9,376,283.6115851810196,47
66.0,1.3,10,400,182.05207732874155,24
66.0,1.3,11,420,122.08346116482325,20
