Channel,Voltage Gain (V),Pulse Voltage (V),Peak Number,Peak Index,Peak Counts,Index Difference
CH1,65.7,1.3,1,132,2384.7321522520742,N/A
CH1,65.7,1.3,2,174,4903.451438639148,42
CH1,65.7,1.3,3,217,5544.558360279925,43
CH1,65.7,1.3,4,260,4581.428831380125,43
CH1,65.7,1.3,5,302,3061.063617224514,42
CH1,65.7,1.3,6,344,1736.1591284597177,42
CH1,65.7,1.3,7,390,884.9854109926357,46
