Voltage Gain (V),Pulse Voltage (V),Peak Number,Peak Index,Peak Counts,Index Difference
65.4,1.3,1,49,10772.838396867408,N/A
65.4,1.3,2,75,15035.393838656339,26
65.4,1.3,3,102,11070.04725599897,27
65.4,1.3,4,128,5796.999203155783,26
65.4,1.3,5,155,2445.629262871371,27
65.4,1.3,6,178,872.0945876597494,23
65.4,1.3,7,213,235.9218601521022,35
