Channel,Voltage Gain (V),Pulse Voltage (V),Peak Number,Peak Index,Peak Counts,Index Difference
CH1,65.4,1.3,1,139,4388.286798287445,N/A
CH1,65.4,1.3,2,175,7810.294361959321,36
CH1,65.4,1.3,3,212,7547.885266070359,37
CH1,65.4,1.3,4,248,5213.784179111687,36
CH1,65.4,1.3,5,284,2894.535741126391,36
CH1,65.4,1.3,6,319,1371.0184466723263,35
