Channel,Voltage Gain (V),Pulse Voltage (V),Peak Number,Peak Index,Peak Counts,Index Difference
CH1,65.1,1.3,1,146,10694.224177036782,N/A
CH1,65.1,1.3,2,174,14143.547511369034,28
CH1,65.1,1.3,3,202,10024.193719593732,28
CH1,65.1,1.3,4,230,5012.568151725963,28
CH1,65.1,1.3,5,257,2010.870811337848,27
