Channel,Voltage Gain (V),Pulse Voltage (V),Peak Number,Peak Index,Peak Counts,Index Difference
CH0,65.7,1.6,1,143,220.18676268083246,N/A
CH0,65.7,1.6,2,177,1024.4646787639651,34
CH0,65.7,1.6,3,210,2401.435066045109,33
CH0,65.7,1.6,4,244,3896.162117057418,34
CH0,65.7,1.6,5,278,4845.313171933692,34
CH0,65.7,1.6,6,312,4947.192584235339,34
CH0,65.7,1.6,7,346,4272.33657910546,34
CH0,65.7,1.6,8,379,3278.54451409823,33
CH0,65.7,1.6,9,413,2226.22006603395,34
CH0,65.7,1.6,10,445,1370.711254823693,32
