Channel,Voltage Gain (V),Pulse Voltage (V),Peak Number,Peak Index,Peak Counts,Index Difference
CH0,66.0,1.3,1,133,1622.1286759231702,N/A
CH0,66.0,1.3,2,175,3917.2597282008423,42
CH0,66.0,1.3,3,219,5086.7615434111,44
CH0,66.0,1.3,4,262,4665.015487091394,43
CH0,66.0,1.3,5,305,3412.1063632199607,43
CH0,66.0,1.3,6,348,2115.3984363455697,43
CH0,66.0,1.3,7,389,1156.6802480013573,41
